,,,,,
Dictionary 1: Activism,Dictionary 2: Field Formation,Dictionary 3: Discrimination,Dictionary 4: Patriarchy,Dictionary 5: Race,Dictionary 6: Global/International
Activism,Formation,Discrimination,Patriarchy,Race,Global
Agency,Method,Sexism,Patriarchal,Black,International
Politics,Methods,Sexist,Patriarch,Latina,Comparative
Movement,Methodology,Racism,Heteropatriarchal ,Latinas,Transnational
Movements,Methodologies,Racist,Misogyny,Chicana,Transnationalism
Resist,Epistemology,Homophobia,Misogynistic,Chicanas,Globalism
Resistance,Epistemologies,Homophobic,Misogynist,Asian,Internationalism
Justice,Department,Homophobe,Androcentrism,Asians,Crossnational 
Organizing,Departments,Heterosexism,Androcentrist,African,Crossnationalism
Political,Program,Heterosexist,Androcentric,Africans,North
Activist,Programs,Ableism,Dominance,American,South
Rights,Pedagogy,Ableist,Dominant,Americans,Border
Reform,Pedagogies,Disability,Male,Intersection,Borders
Revolution,Pedagogical,Tranphobia,Men,Intersectional,Boundary
Revolutionaries,Philosophy,Transphobic,Man,Intersectionality,Boundaries
Revolutionary,Philosophical,Transphobe,Father,Intersections,Transborder
Conflict,Knowledge,Segregation,Violence,Identity,Globalized
Peace,Experience,Segregationist,Masculine,Category,Globalization
War,Science,Privilege,Masculinity,Ethnic,World
Consciousnessraising,Discipline,Ethnocentrism,Masculinities,Ethnicity,China
Labor,Disciplines,Ethnicentrist,Domestic,Ethnicities,India
Environment,Disciplinary,Islamophobia,Chauvinism,Racial,Japan
Environmental,Disciplinarity,Islamophobic,Chauvinist,Racism,Israel
Environmentalism,Interdiscipline,Islamophobe,Chauvinistic,Blackness,Palestine
Environmentalist,Interdisciplines,Nativism,Power,Antiblack ,Asia
Welfare,Interdisciplinary,Nativist,,Antiblackness,Caribbean
Decolonize,Interdisciplinarity,Nationalism,,Rights,Africa
Decolonizing,Transdisciplinary,Nationalist,,Chicano,Europe
Decolonization,Transdisciplinarity,anti-semitism,,Chicanos,European
Separatist,Empiricism,bias,,Latino,French
Separatism,Standpoint,stereotype,,Latinos,America
Radical,Leadership,,,Latinx,American
Equality,Teach,,,Xicana,citizenship
Liberation,Teaching,,,Xicanas,
Liberatory,Teacher,,,Xicano,
Liberating,Education,,,Xicanos,
Emancipate,Educational,,,Native,
Emancipating,Institution,,,indigenous,
Emancipation,Institutionalization,,,,
Enfranchise,Mainstream,,,,
Enfranchisement,Mainstreaming,,,,
Enfranchising,Freestanding,,,,
Disenfranchise,Praxis,,,,
Disenfranchisement,Curriculum,,,,
Disenfranchising,Foundations,,,,
transformation,Studies,,,,
advocacy,,,,,
Intersectionality,,,,,
coalition,Intersectionality,,,,
alliances,Intersections,,,,
mobilizing,Crenshaw,,,,